cbsa_title,price_band,month_date,states,avg_median_sale_price,active_listings,homes_sold,median_days_on_market,hotness_score,demand_score,supply_score,absorption_rate,months_of_supply
"Topeka, KS",$200K-$300K,2026-03-01,ks,214250.0,255.33333333333334,45.166666666666664,21.13888888888889,91.98638613861384,91.83168316831684,92.14108910891088,17.68929503916449,5.653136531365314
"Salina, KS",$200K-$300K,2026-03-01,ks,209465.27777777778,89.77777777777777,15.277777777777779,38.81944444444444,85.70544554455446,91.89356435643565,79.51732673267327,17.01732673267327,5.876363636363636
"Bainbridge, GA",$200K-$300K,2026-03-01,ga,229644.791666625,19.444444444444443,2.947875,176.83333325,14.01608910891089,22.896039603960396,5.136138613861386,15.160499999999999,6.596088519507932
"Abilene, TX",$200K-$300K,2026-03-01,tx,248656.66666666666,338.0,40.361111111111114,34.40277777777778,68.13118811881188,65.96534653465346,70.29702970297029,11.941157133464825,8.374397797660013
"Richmond, VA",$200K-$300K,2026-03-01,va,283961.1111111111,69.22222222222223,8.055444444444444,101.69444444444446,61.77289603960396,53.43440594059406,70.11138613861385,11.63707865168539,8.593221975475526
"Jefferson City, MO",$200K-$300K,2026-03-01,mo,293441.6666666667,127.77777777777777,13.333333333333334,18.09722222222222,82.36386138613861,91.27475247524752,73.45297029702971,10.434782608695652,9.583333333333332
"Wichita, KS",$200K-$300K,2026-03-01,ks,252694.90740740742,1713.2222222222222,176.22222222222223,41.291666666666664,63.0259900990099,71.36963696369638,54.68234323432343,10.28601076593813,9.721941992433795
"Cincinnati, OH-KY-IN",$200K-$300K,2026-03-01,ky,275633.3333333333,215.66666666666666,21.583333333333332,26.680555555555557,64.13985148514851,59.28217821782178,68.99752475247524,10.007727975270479,9.992277992277993
"Owensboro, KY",$200K-$300K,2026-03-01,ky,245704.16666666666,227.55555555555554,22.47222222222222,34.43055555555556,65.40841584158416,54.88861386138614,75.92821782178217,9.87548828125,10.126081582200246
"Ada, OK",$200K-$300K,2026-03-01,ok,201180.55555555556,113.33333333333333,11.11111111111111,56.44444444444444,31.930693069306933,26.113861386138616,37.74752475247525,9.803921568627452,10.2
"St. Louis, MO-IL",$200K-$300K,2026-03-01,mo,279274.0555555555,2506.4444444444443,241.33333333333331,34.38194444444444,68.90470297029702,70.88490099009901,66.92450495049505,9.62851316606082,10.385819521178638
"Kansas City, MO-KS",$200K-$300K,2026-03-01,"ks, mo",262783.7962962963,2494.6666666666665,234.02777777777777,43.8287037037037,60.12788778877888,54.39356435643564,65.86221122112211,9.381124176019954,10.659703264094954
"Manhattan, KS",$200K-$300K,2026-03-01,ks,238844.44444444444,115.11111111111111,10.527777777777779,48.875,41.738861386138616,22.58663366336634,60.89108910891089,9.145752895752896,10.934036939313984
"Troy, AL",$200K-$300K,2026-03-01,al,231475.45833325002,16.11111111111111,1.45825,65.541666625,34.83910891089109,17.698019801980198,51.98019801980198,9.051206896551726,11.048250376211973
"Lynchburg, VA",$200K-$300K,2026-03-01,va,266964.5833333334,199.8888888888889,17.666666666666664,37.49305555555556,59.80816831683168,63.76856435643565,55.84777227722772,8.83824346859366,11.314465408805034
"Henderson, KY",$200K-$300K,2026-03-01,ky,231166.66666666666,77.88888888888889,6.805555555555555,37.5,58.570544554455445,57.85891089108911,59.28217821782178,8.737517831669045,11.444897959183674
"Ottawa, KS",$200K-$300K,2026-03-01,ks,245804.86111111112,59.333333333333336,5.138888888888889,44.625,59.80816831683168,67.63613861386139,51.98019801980198,8.661048689138577,11.545945945945945
"Springfield, MO",$200K-$300K,2026-03-01,mo,251796.07638888888,1114.7777777777778,95.77777777777779,53.916666666666664,49.41212871287129,48.23638613861387,50.58787128712871,8.591647563041963,11.639211136890951
"Elizabeth City, NC",$200K-$300K,2026-03-01,nc,289851.18055555556,194.33333333333334,16.444444444444443,93.48611111111111,54.238861386138616,32.98267326732673,75.4950495049505,8.461978273299026,11.817567567567568
"Blacksburg-Christiansburg-Radford, VA",$200K-$300K,2026-03-01,va,254323.61111111112,100.11111111111111,8.25,58.81944444444444,65.16089108910892,81.12623762376238,49.195544554455445,8.240843507214207,12.134680134680135
"Columbus, GA-AL",$200K-$300K,2026-03-01,"al, ga",235575.69444444444,739.8888888888889,60.72222222222223,35.229166666666664,46.983292079207914,18.935643564356436,75.0309405940594,8.206937978675477,12.18481244281793
"Louisville/Jefferson County, KY-IN",$200K-$300K,2026-03-01,ky,282368.75,2531.333333333333,204.08333333333334,63.77083333333333,66.41398514851485,61.16955445544554,71.65841584158416,8.06228601527522,12.403429971416903
"Tulsa, OK",$200K-$300K,2026-03-01,ok,276811.53819444444,3153.0,245.55555555555554,53.638888888888886,41.86262376237624,35.62809405940594,48.09715346534654,7.787997321774675,12.84027149321267
"Warrensburg, MO",$200K-$300K,2026-03-01,mo,289484.72222222225,191.66666666666666,14.805555555555555,78.45833333333333,63.366336633663366,66.33663366336634,60.3960396039604,7.72463768115942,12.945590994371482
"Joplin, MO-KS",$200K-$300K,2026-03-01,mo,215403.47222222222,676.6666666666667,51.638888888888886,42.20833333333333,67.93007425742574,65.25371287128712,70.60643564356437,7.631362889983579,13.103819257665414
"Cape Girardeau, MO-IL",$200K-$300K,2026-03-01,mo,271622.22222222225,208.0,15.722222222222221,40.333333333333336,56.34282178217822,57.42574257425742,55.25990099009901,7.558760683760683,13.229681978798586
"St. Joseph, MO-KS",$200K-$300K,2026-03-01,mo,200247.20833333334,226.66666666666666,16.75,56.638888888888886,67.54331683168317,59.15841584158416,75.92821782178217,7.389705882352941,13.53233830845771
"Fayetteville, NC",$200K-$300K,2026-03-01,nc,257294.44444444444,1199.2222222222222,87.94444444444444,49.138888888888886,35.73638613861386,13.490099009900993,57.98267326732673,7.333456870193644,13.636133922931142
"Warner Robins, GA",$200K-$300K,2026-03-01,ga,286095.40972222225,842.2222222222222,61.611111111111114,64.76388888888889,30.909653465346537,17.512376237623762,44.30693069306931,7.315303430079156,13.669972948602343
"Amarillo, TX",$200K-$300K,2026-03-01,tx,283783.3333333333,608.5555555555555,43.52777777777778,73.23611111111111,76.23762376237624,64.97524752475248,87.5,7.152638305641775,13.98085513720485
"Columbia, SC",$200K-$300K,2026-03-01,sc,282615.97222222225,2955.8888888888887,205.52777777777777,55.10416666666667,58.64789603960396,34.49876237623762,82.79702970297029,6.953163177085292,14.381943505879173
"Fort Leonard Wood, MO",$200K-$300K,2026-03-01,mo,243830.55555555556,169.55555555555554,11.555555555555555,41.875,49.41212871287129,16.893564356435643,81.93069306930693,6.8152031454783755,14.673076923076922
"Tuscaloosa, AL",$200K-$300K,2026-03-01,al,285101.1111111111,865.2222222222222,58.861111111111114,47.125,43.65717821782178,17.01732673267327,70.29702970297029,6.803005008347246,14.699386503067483
"Oklahoma City, OK",$200K-$300K,2026-03-01,ok,268790.0444444445,5833.666666666667,388.3611111111111,72.86944444444444,33.01361386138613,13.688118811881187,52.339108910891085,6.657238633982819,15.021243115656965
"Kirksville, MO",$200K-$300K,2026-03-01,mo,215476.38888888888,76.55555555555556,5.083333333333333,200.90277777777777,54.61014851485149,52.351485148514854,56.86881188118812,6.640058055152394,15.060109289617488
"Farmington, MO",$200K-$300K,2026-03-01,mo,201611.11111111112,203.0,13.38888888888889,50.93055555555556,70.54455445544554,69.05940594059405,72.02970297029702,6.5955117679255615,15.161825726141078
"Russellville, AR",$200K-$300K,2026-03-01,ar,226027.77777777778,187.33333333333334,12.305555555555555,47.611111111111114,25.402227722772277,39.48019801980198,11.324257425742577,6.568801897983392,15.223476297968398
"Sumter, SC",$200K-$300K,2026-03-01,sc,263195.30555555556,387.8888888888889,25.444444444444443,63.083333333333336,27.196782178217823,20.606435643564357,33.78712871287129,6.559725007161271,15.244541484716159
"Huntington-Ashland, WV-KY-OH",$200K-$300K,2026-03-01,"ky, wv",248231.93055555556,140.77777777777777,9.194444444444445,62.47222222222223,72.52475247524752,94.05940594059405,50.99009900990099,6.531176006314128,15.311178247734137
"Valdosta, GA",$200K-$300K,2026-03-01,ga,281544.44444444444,504.0,32.388888888888886,49.94444444444444,40.53217821782179,26.856435643564357,54.207920792079214,6.4263668430335095,15.56089193825043
"Stillwater, OK",$200K-$300K,2026-03-01,ok,250627.77777777778,284.22222222222223,18.22222222222222,39.94444444444444,52.011138613861384,35.27227722772277,68.75,6.411258795934323,15.597560975609758
"Greenville, NC",$200K-$300K,2026-03-01,nc,270565.1388888889,630.4444444444445,40.111111111111114,56.736111111111114,47.3700495049505,37.87128712871287,56.86881188118812,6.362354599929504,15.717451523545705
"Statesboro, GA",$200K-$300K,2026-03-01,ga,281478.6111111111,351.3333333333333,22.22222222222222,90.25,31.219059405940595,13.242574257425744,49.195544554455445,6.325110689437065,15.81
"Enid, OK",$200K-$300K,2026-03-01,ok,200375.0,246.66666666666666,15.472222222222221,75.22222222222223,26.794554455445542,23.01980198019802,30.56930693069307,6.2725225225225225,15.942549371633753
"Winston-Salem, NC",$200K-$300K,2026-03-01,nc,285392.3194444445,190.44444444444446,11.944444444444445,101.15972222222223,57.76608910891089,79.36262376237624,36.16955445544554,6.271878646441073,15.944186046511629
"Jackson, MS",$200K-$300K,2026-03-01,ms,280905.3611111111,579.7777777777778,35.97222222222222,33.833333333333336,60.76732673267327,58.972772277227726,62.5618811881188,6.2044844768110385,16.117374517374518
"Roanoke Rapids, NC",$200K-$300K,2026-03-01,nc,225012.05555555556,96.88888888888889,6.0,96.01388888888889,33.44678217821782,53.21782178217822,13.675742574257429,6.192660550458716,16.14814814814815
"Rolla, MO",$200K-$300K,2026-03-01,mo,235328.47222222222,165.44444444444446,10.13888888888889,47.083333333333336,32.48762376237624,49.257425742574256,15.717821782178218,6.128274009402284,16.317808219178083
"Hays, KS",$200K-$300K,2026-03-01,ks,213097.22222222222,106.33333333333333,6.5,88.91666666666667,53.00123762376238,58.04455445544554,47.95792079207921,6.112852664576803,16.358974358974358
"Batesville, AR",$200K-$300K,2026-03-01,ar,212026.11111111112,117.22222222222223,7.083333333333333,68.04166666666667,49.443069306930695,40.90346534653465,57.98267326732673,6.042654028436019,16.54901960784314
"Paducah, KY-IL",$200K-$300K,2026-03-01,ky,268319.44444444444,226.66666666666666,13.63888888888889,75.5,65.43935643564356,82.92079207920791,47.95792079207921,6.017156862745098,16.61914460285132
"Greensboro-High Point, NC",$200K-$300K,2026-03-01,nc,269656.25,713.6666666666667,42.888888888888886,70.45833333333333,58.29207920792079,62.90222772277228,53.681930693069305,6.009652810213295,16.639896373057
"Lubbock, TX",$200K-$300K,2026-03-01,tx,244773.47222222222,1779.6666666666667,106.25,83.66666666666667,49.22648514851485,23.391089108910897,75.0618811881188,5.9702191421614526,16.749803921568628
"El Paso, TX",$200K-$300K,2026-03-01,tx,274053.47222222225,2966.777777777778,176.38888888888889,65.76388888888889,31.064356435643564,2.722772277227723,59.4059405940594,5.945470207108348,16.819527559055118
"Searcy, AR",$200K-$300K,2026-03-01,ar,203218.05555555556,299.8888888888889,17.666666666666668,80.36111111111111,48.948019801980195,42.636138613861384,55.25990099009901,5.8910707669507225,16.9748427672956
"Lexington-Fayette, KY",$200K-$300K,2026-03-01,ky,245375.0,111.0,6.5,51.06944444444444,37.28341584158416,63.613861386138616,10.952970297029704,5.8558558558558556,17.076923076923077
"North Wilkesboro, NC",$200K-$300K,2026-03-01,nc,259604.16666666666,160.22222222222223,9.333333333333334,58.013888888888886,37.84034653465346,58.10643564356436,17.574257425742573,5.825242718446602,17.166666666666668
"Mount Airy, NC",$200K-$300K,2026-03-01,nc,249684.72222222222,159.44444444444446,9.25,93.55555555555556,58.8490099009901,92.32673267326732,25.371287128712872,5.801393728222997,17.237237237237238
"Elizabethtown, KY",$200K-$300K,2026-03-01,ky,278465.27777777775,419.1111111111111,23.97222222222222,83.55555555555556,45.57549504950495,31.745049504950497,59.4059405940594,5.719777306468718,17.483198146002316
"Mobile, AL",$200K-$300K,2026-03-01,al,241848.61111111112,1555.2222222222222,88.55555555555556,52.791666666666664,35.86014851485149,21.10148514851485,50.61881188118812,5.6940773022790605,17.562107904642406
"Decatur, AL",$200K-$300K,2026-03-01,al,238920.84722222222,614.3333333333334,34.69444444444444,74.47916666666667,17.03279702970297,23.793316831683168,10.272277227722771,5.647495026225357,17.706965572457968
"Beaumont-Port Arthur, TX",$200K-$300K,2026-03-01,tx,209416.31944444444,1049.2222222222222,59.166666666666664,86.52083333333334,34.31311881188118,29.64108910891089,38.98514851485149,5.639097744360902,17.733333333333334
"Augusta-Richmond County, GA-SC",$200K-$300K,2026-03-01,ga,239590.58531743652,748.1111111111111,42.17852380952381,43.64384918253968,22.09158415841584,12.995049504950494,31.18811881188119,5.638002588529843,17.736777951014716
"Johnson City, TN",$200K-$300K,2026-03-01,tn,270326.3888888889,176.88888888888889,9.88888888888889,57.208333333333336,58.01361386138613,95.73019801980196,20.2970297029703,5.590452261306533,17.8876404494382
"Rome, GA",$200K-$300K,2026-03-01,ga,264731.1111111111,480.77777777777777,26.86111111111111,60.19444444444444,30.043316831683168,23.886138613861384,36.20049504950495,5.587011786457129,17.89865563598759
"Moultrie, GA",$200K-$300K,2026-03-01,ga,264536.0,85.55555555555556,4.777777777777778,90.88888888888889,27.753712871287128,17.450495049504948,38.056930693069305,5.584415584415584,17.906976744186046
"Little Rock-North Little Rock-Conway, AR",$200K-$300K,2026-03-01,ar,246494.52314814818,2792.333333333333,155.1388888888889,65.94444444444444,54.30074257425742,38.180693069306926,70.42079207920791,5.555887151327048,17.998925693822734
"Spartanburg, SC",$200K-$300K,2026-03-01,sc,291536.4583333333,2249.1111111111113,123.63888888888889,87.375,40.77970297029704,16.955445544554458,64.60396039603961,5.497233474953067,18.190968321725457
"Danville, KY",$200K-$300K,2026-03-01,ky,251799.13194442363,193.77777777777777,10.607555555555555,105.24131944444444,42.43502475247524,42.75990099009901,42.11014851485149,5.474082568807339,18.267901286294883
"Kingsport-Bristol, TN-VA",$200K-$300K,2026-03-01,"tn, va",264693.79629629623,1156.888888888889,63.05555555555556,85.41203703703702,57.07508250825082,79.0016501650165,35.148514851485146,5.45044179792547,18.347136563876653
"Beckley, WV",$200K-$300K,2026-03-01,wv,215243.05555555556,178.77777777777777,9.694444444444445,86.625,59.99381188118812,71.10148514851485,48.886138613861384,5.422622747047856,18.441260744985673
"Lebanon, MO",$200K-$300K,2026-03-01,mo,254131.94444444444,135.66666666666666,7.305555555555555,82.70833333333333,53.0940594059406,64.85148514851485,41.336633663366335,5.384930384930385,18.570342205323193
"Dothan, AL",$200K-$300K,2026-03-01,al,262258.3333333334,495.77777777777777,26.416666666666668,77.60416666666667,40.33106435643565,40.68688118811882,39.975247524752476,5.328328103989243,18.767613038906415
"Cedartown, GA",$200K-$300K,2026-03-01,ga,246836.11111111112,184.66666666666666,9.805555555555555,93.33333333333333,53.991336633663366,35.9529702970297,72.02970297029702,5.3098676293622145,18.8328611898017
"Anniston-Oxford, AL",$200K-$300K,2026-03-01,al,210877.77777777778,353.77777777777777,18.63888888888889,80.27777777777777,37.09777227722772,39.10891089108911,35.086633663366335,5.268530150753769,18.9806259314456
"Greenville-Anderson-Greer, SC",$200K-$300K,2026-03-01,sc,289064.44444444444,386.22222222222223,20.11111111111111,85.80555555555556,27.165841584158414,27.970297029702973,26.361386138613863,5.207134637514384,19.204419889502763
"Washington, NC",$200K-$300K,2026-03-01,nc,296985.44444444444,178.0,9.25,63.916666666666664,41.398514851485146,54.95049504950495,27.846534653465348,5.196629213483146,19.243243243243242
"Wilson, NC",$200K-$300K,2026-03-01,nc,258063.05555555556,264.6666666666667,13.694444444444445,78.54166666666667,49.16460396039603,47.71039603960396,50.61881188118812,5.174223341729638,19.32657200811359
"LaGrange, GA-AL",$200K-$300K,2026-03-01,al,213547.22222222222,92.55555555555556,4.75,114.30555555555556,16.429455445544555,10.14851485148515,22.71039603960396,5.132052821128451,19.485380116959064
"Charlotte-Concord-Gastonia, NC-SC",$200K-$300K,2026-03-01,"nc, sc",286669.4236111111,948.7777777777778,48.05555555555556,85.19444444444444,34.28217821782178,35.82920792079208,32.73514851485148,5.064995901159386,19.74335260115607
"Madisonville, KY",$200K-$300K,2026-03-01,ky,204570.83333333334,132.0,6.666666666666667,81.34722222222223,28.99133663366337,42.26485148514851,15.717821782178218,5.05050505050505,19.8
"Mayfield, KY",$200K-$300K,2026-03-01,ky,228458.33333333334,108.77777777777777,5.444444444444445,64.08333333333333,49.9381188118812,53.0940594059406,46.78217821782179,5.005107252298264,19.97959183673469
"Tupelo, MS",$200K-$300K,2026-03-01,ms,247116.66666666666,305.8888888888889,15.25,36.541666666666664,52.81559405940594,51.42326732673267,54.207920792079214,4.985470395931711,20.058287795992715
"Gadsden, AL",$200K-$300K,2026-03-01,al,207801.38888888888,351.1111111111111,17.47222222222222,71.11111111111111,20.544554455445542,30.816831683168317,10.272277227722771,4.976265822784811,20.095389507154213
"Dalton, GA",$200K-$300K,2026-03-01,ga,260873.69444444444,451.33333333333337,22.38888888888889,73.08333333333333,42.24938118811881,48.01980198019801,36.47896039603961,4.960610536681438,20.158808933002483
"McMinnville, TN",$200K-$300K,2026-03-01,tn,266841.6666666667,249.55555555555554,12.36111111111111,90.72222222222223,37.12871287128713,37.19059405940594,37.06683168316832,4.953250222617988,20.18876404494382
"West Plains, MO",$200K-$300K,2026-03-01,mo,223376.38888888888,183.77777777777777,9.083333333333334,91.44444444444444,19.709158415841586,19.306930693069308,20.111386138613863,4.942563482466747,20.23241590214067
"Florence-Muscle Shoals, AL",$200K-$300K,2026-03-01,al,240386.5277777778,643.5555555555555,31.694444444444443,59.54861111111111,24.73700495049505,21.287128712871286,28.18688118811881,4.924896408839778,20.304995617879054
"Enterprise, AL",$200K-$300K,2026-03-01,al,254693.33333333334,335.1111111111111,16.194444444444443,79.77777777777777,34.12747524752476,17.636138613861384,50.61881188118812,4.832559681697612,20.692967409948544
"Gulfport-Biloxi, MS",$200K-$300K,2026-03-01,ms,261421.1111111111,2146.3333333333335,103.69444444444444,60.69444444444445,34.35437293729373,38.46947194719473,30.23927392739274,4.831236734482579,20.698633806589875
"Chattanooga, TN-GA",$200K-$300K,2026-03-01,"ga, tn",276689.93055555556,460.8888888888889,22.194444444444443,60.72916666666667,36.556311881188115,37.22153465346535,35.89108910891089,4.8155737704918025,20.765957446808514
"San Angelo, TX",$200K-$300K,2026-03-01,tx,269252.55555555556,576.5555555555555,27.583333333333332,77.125,43.2240099009901,31.18811881188119,55.25990099009901,4.784158797456157,20.902316213494462
"Jonesboro, AR",$200K-$300K,2026-03-01,ar,227077.77777777778,528.5555555555555,25.11111111111111,71.09722222222223,22.246287128712872,7.425742574257425,37.06683168316832,4.7508934202228295,21.048672566371682
"Greeneville, TN",$200K-$300K,2026-03-01,tn,285185.625,318.8888888888889,15.13888888888889,82.41666666666667,50.30940594059406,73.26732673267327,27.351485148514858,4.7473867595818815,21.06422018348624
"Hickory-Lenoir-Morganton, NC",$200K-$300K,2026-03-01,nc,280645.50925925927,646.7777777777778,30.694444444444443,100.18055555555556,56.662541254125415,76.77392739273928,36.55115511551155,4.745748153238274,21.071493212669687
"Lumberton, NC",$200K-$300K,2026-03-01,nc,236444.44444444444,185.11111111111111,8.722222222222221,94.25,24.319306930693067,36.88118811881188,11.757425742574256,4.71188475390156,21.222929936305736
"Macon-Bibb County, GA",$200K-$300K,2026-03-01,ga,272010.0,92.22222222222223,4.333333333333333,105.30555555555556,39.944306930693074,29.269801980198014,50.61881188118812,4.6987951807228905,21.282051282051285
"Jackson, TN",$200K-$300K,2026-03-01,tn,258005.76388888888,576.8888888888889,27.055555555555557,46.61805555555556,36.943069306930695,48.855198019801975,25.03094059405941,4.6899075500770415,21.322381930184804
"Ocala, FL",$200K-$300K,2026-03-01,fl,274551.52777777775,4190.222222222223,195.66666666666666,78.04166666666667,24.90717821782178,24.876237623762375,24.93811881188119,4.669601187950785,21.415105053946625
"Thomasville, GA",$200K-$300K,2026-03-01,ga,256245.76388888888,242.55555555555554,11.277777777777777,98.08333333333334,17.713490099009903,16.55321782178218,18.87376237623762,4.649564819056344,21.507389162561577
"Campbellsville, KY",$200K-$300K,2026-03-01,ky,247593.05555555556,82.11111111111111,3.8055555555555554,160.72222222222223,12.530940594059404,17.512376237623762,7.5495049504950495,4.634641407307171,21.576642335766426
"Great Bend, KS",$200K-$300K,2026-03-01,ks,200716.66666666666,72.66666666666667,3.361111111111111,79.13888888888889,26.73267326732673,37.5,15.965346534653465,4.625382262996942,21.619834710743802
"Victoria, TX",$200K-$300K,2026-03-01,tx,231076.38888888888,274.8888888888889,12.694444444444445,93.05555555555556,7.487623762376238,11.88118811881188,3.094059405940594,4.61802748585287,21.654266958424508
"Fort Smith, AR-OK",$200K-$300K,2026-03-01,"ar, ok",226937.96296296295,925.4444444444445,42.55555555555556,78.63888888888889,32.229785478547846,32.46699669966996,31.992574257425744,4.598391163404971,21.7467362924282
"Athens, TN",$200K-$300K,2026-03-01,tn,262813.8888888889,264.77777777777777,12.083333333333334,74.54166666666667,52.78465346534654,65.22277227722772,40.34653465346535,4.56357532522031,21.91264367816092
"Memphis, TN-MS-AR",$200K-$300K,2026-03-01,"ar, ms, tn",237796.02430555556,3915.7777777777774,177.61111111111114,72.56944444444446,34.87778465346534,39.03155940594059,30.724009900990097,4.535781170194656,22.046918986549883
"Hinesville, GA",$200K-$300K,2026-03-01,ga,259661.56944444444,458.3333333333333,20.77777777777778,87.19444444444444,26.67079207920792,0.8663366336633664,52.47524752475248,4.533333333333333,22.058823529411764
"Morristown, TN",$200K-$300K,2026-03-01,tn,282226.3888888889,285.6666666666667,12.916666666666666,73.0,38.180693069306926,54.02227722772277,22.33910891089109,4.521586931155192,22.116129032258065
"Goldsboro, NC",$200K-$300K,2026-03-01,nc,266791.6666666667,520.0,23.444444444444443,107.97222222222223,14.511138613861387,16.46039603960396,12.561881188118813,4.5085470085470085,22.18009478672986
"Clarksville, TN-KY",$200K-$300K,2026-03-01,ky,222148.61111111112,268.0,12.055555555555555,92.0,22.09158415841584,5.012376237623763,39.17079207920792,4.4983416252072965,22.23041474654378
"Morgantown, WV",$200K-$300K,2026-03-01,wv,238863.88888888888,68.77777777777777,3.0833333333333335,148.0,47.277227722772274,86.01485148514851,8.53960396039604,4.483037156704363,22.306306306306304
"Jesup, GA",$200K-$300K,2026-03-01,ga,288049.760416625,114.44444444444444,5.104125,54.864583249999995,45.38985148514852,15.284653465346535,75.4950495049505,4.459915048543689,22.421951743823758
"Brookhaven, MS",$200K-$300K,2026-03-01,ms,263137.5,73.33333333333333,3.25,16.90277777777778,49.00990099009901,33.415841584158414,64.60396039603961,4.431818181818182,22.564102564102562
"Atlanta-Sandy Springs-Roswell, GA",$200K-$300K,2026-03-01,ga,253142.34722222222,1310.0,57.97222222222223,81.65277777777777,25.94368811881188,3.3106435643564356,48.57673267326733,4.425360474978796,22.597029228557737
"Calhoun, GA",$200K-$300K,2026-03-01,ga,280369.44444444444,261.55555555555554,11.472222222222221,65.36111111111111,38.58292079207921,28.279702970297027,48.886138613861384,4.386151231945624,22.79903147699758
"Harrison, AR",$200K-$300K,2026-03-01,ar,239340.27777777778,171.11111111111111,7.472222222222222,82.44444444444444,37.22153465346534,36.386138613861384,38.056930693069305,4.366883116883117,22.899628252788105
"Waco, TX",$200K-$300K,2026-03-01,tx,292065.90277777775,1188.3333333333333,51.888888888888886,82.5,16.274752475247524,26.60891089108911,5.9405940594059405,4.366526414212249,22.90149892933619
"San Antonio-New Braunfels, TX",$200K-$300K,2026-03-01,tx,288515.9074074074,12092.77777777778,526.8333333333334,112.75,24.412128712871283,6.105610561056106,42.71864686468647,4.356594845408186,22.95370663292207
"Dublin, GA",$200K-$300K,2026-03-01,ga,210793.05555555556,132.88888888888889,5.777777777777778,86.43055555555556,28.403465346534652,30.32178217821782,26.48514851485149,4.3478260869565215,23.0
"Cullman, AL",$200K-$300K,2026-03-01,al,262114.02777777778,518.2222222222222,22.305555555555557,65.93055555555556,32.17821782178218,31.064356435643564,33.29207920792079,4.304245283018869,23.232876712328764
"Durant, OK",$200K-$300K,2026-03-01,ok,240218.05555555556,238.44444444444446,10.25,70.16666666666667,18.75,11.695544554455449,25.804455445544555,4.298695246971109,23.26287262872629
"Glasgow, KY",$200K-$300K,2026-03-01,ky,201250.0,197.11111111111111,8.472222222222221,90.76388888888889,38.0259900990099,27.165841584158414,48.886138613861384,4.298196166854566,23.265573770491805
"Garden City, KS",$200K-$300K,2026-03-01,ks,268025.0,106.22222222222223,4.555555555555555,86.11111111111111,21.070544554455445,10.705445544554456,31.435643564356436,4.2887029288702925,23.31707317073171
"Winchester, VA-WV",$200K-$300K,2026-03-01,wv,248186.11111111112,84.33333333333333,3.5833333333333335,89.91666666666667,46.132425742574256,84.46782178217822,7.797029702970297,4.249011857707511,23.53488372093023
"Birmingham, AL",$200K-$300K,2026-03-01,al,249335.64814814818,575.0,24.36111111111111,72.32407407407408,47.90635313531353,47.99917491749176,47.81353135313532,4.236714975845411,23.603192702394526
"Brownwood, TX",$200K-$300K,2026-03-01,tx,219433.33333333334,196.77777777777777,8.305555555555555,74.40277777777777,24.288366336633665,31.002475247524753,17.574257425742573,4.220779220779221,23.692307692307693
"Homosassa Springs, FL",$200K-$300K,2026-03-01,fl,283929.72222222225,1840.888888888889,77.58333333333333,96.36111111111111,28.06311881188119,32.116336633663366,24.00990099009901,4.214449541284403,23.727891156462587
"Fayetteville, TN",$200K-$300K,2026-03-01,tn,276752.1666666667,190.22222222222223,7.916666666666667,95.27777777777777,36.9740099009901,33.16831683168317,40.77970297029702,4.161799065420561,24.028070175438597
"Tifton, GA",$200K-$300K,2026-03-01,ga,274355.8333333333,115.66666666666667,4.805555555555555,80.91666666666667,43.37871287128713,31.497524752475247,55.25990099009901,4.154658981748319,24.069364161849713
"Florence, SC",$200K-$300K,2026-03-01,sc,260789.10416666666,811.8888888888889,33.69444444444444,106.23611111111111,39.82054455445544,42.66707920792079,36.9740099009901,4.150130012316956,24.09563066776587
"Longview, TX",$200K-$300K,2026-03-01,tx,266646.7013888889,1109.6666666666667,46.0,108.70486111111111,37.631497524752476,51.16027227722772,24.10272277227723,4.145389005707419,24.1231884057971
"Rocky Mount, NC",$200K-$300K,2026-03-01,nc,291996.52777777775,461.8888888888889,19.055555555555557,74.875,34.9009900990099,16.027227722772277,53.77475247524752,4.125571325475103,24.239067055393587
"Mount Sterling, KY",$200K-$300K,2026-03-01,ky,231291.66666666666,96.11111111111111,3.9166666666666665,125.76388888888889,42.14108910891089,53.1559405940594,31.126237623762375,4.075144508670521,24.539007092198585
"Montgomery, AL",$200K-$300K,2026-03-01,al,228755.55555555556,1220.7777777777778,49.666666666666664,71.98611111111111,32.240099009900995,10.272277227722771,54.207920792079214,4.068444525348138,24.579418344519016
"Winchester, TN",$200K-$300K,2026-03-01,tn,297469.44444444444,361.22222222222223,14.666666666666666,108.20833333333333,25.030940594059405,12.995049504950495,37.06683168316832,4.060289141802522,24.62878787878788
"Killeen-Temple, TX",$200K-$300K,2026-03-01,tx,257484.1666666667,2724.111111111111,110.22222222222223,96.5,4.099628712871287,5.352722772277228,2.846534653465347,4.046172043887915,24.71471774193548
"Hot Springs, AR",$200K-$300K,2026-03-01,ar,246885.41666666666,907.1111111111111,36.333333333333336,107.66666666666667,32.271039603960396,38.056930693069305,26.48514851485149,4.005389514943655,24.966360856269112
"Shelby-Kings Mountain, NC",$200K-$300K,2026-03-01,nc,258083.33333333334,483.44444444444446,19.333333333333332,100.875,35.210396039603964,35.334158415841586,35.086633663366335,3.999080671110089,25.005747126436784
"Rockingham, NC",$200K-$300K,2026-03-01,nc,204061.11111111112,120.22222222222223,4.805555555555555,96.88888888888889,47.246287128712865,72.15346534653465,22.33910891089109,3.997227356746765,25.01734104046243
"Texarkana, TX-AR",$200K-$300K,2026-03-01,"ar, tx",221030.55555555556,535.4444444444445,21.38888888888889,96.5,18.67264851485149,24.78341584158416,12.56188118811881,3.9946046897696617,25.033766233766233
"Ozark, AL",$200K-$300K,2026-03-01,al,213986.11111111112,156.55555555555554,6.194444444444445,70.625,48.82425742574257,33.353960396039604,64.29455445544554,3.9567068843151176,25.273542600896857
"Jacksonville, TX",$200K-$300K,2026-03-01,tx,260888.88888888888,172.77777777777777,6.833333333333333,95.26388888888889,29.64108910891089,38.73762376237624,20.544554455445542,3.9549839228295824,25.284552845528456
"Gaffney, SC",$200K-$300K,2026-03-01,sc,248902.77777777778,184.77777777777777,7.277777777777778,68.55555555555556,29.61014851485149,27.784653465346537,31.435643564356436,3.9386650631389055,25.389312977099237
"Tahlequah, OK",$200K-$300K,2026-03-01,ok,217861.11111111112,157.0,6.138888888888889,44.638888888888886,34.77722772277228,17.574257425742573,51.98019801980198,3.9101203113941967,25.57466063348416
"Murray, KY",$200K-$300K,2026-03-01,ky,282027.77777777775,113.0,4.416666666666667,82.48611111111111,33.323019801980195,60.3960396039604,6.25,3.908554572271387,25.584905660377355
"Union City, TN",$200K-$300K,2026-03-01,tn,211031.94444444444,95.44444444444444,3.7222222222222223,119.25,35.519801980198025,43.193069306930695,27.846534653465348,3.8998835855646106,25.641791044776117
"Fort Payne, AL",$200K-$300K,2026-03-01,al,215283.19444444444,245.88888888888889,9.527777777777779,102.55555555555556,22.308168316831683,34.3440594059406,10.272277227722771,3.8748305467690924,25.80758017492711
"Corinth, MS",$200K-$300K,2026-03-01,ms,256613.88888888888,69.55555555555556,2.6666666666666665,66.72222222222223,35.61262376237624,61.26237623762376,9.962871287128714,3.8338658146964857,26.083333333333336
"Rio Grande City-Roma, TX",$200K-$300K,2026-03-01,tx,273051.984375,94.0,3.58325,258.23958325,10.36509900990099,1.1138613861386135,19.61633663366337,3.8119680851063835,26.23316821321426
"Somerset, KY",$200K-$300K,2026-03-01,ky,266380.55555555556,357.1111111111111,13.555555555555555,115.58333333333333,24.288366336633665,27.475247524752476,21.10148514851485,3.7958929682638463,26.344262295081965
"Paris, TN",$200K-$300K,2026-03-01,tn,275847.22222222225,136.0,5.055555555555555,125.98611111111111,25.340346534653463,41.95544554455445,8.725247524752474,3.7173202614379086,26.9010989010989
"Pikeville, KY",$200K-$300K,2026-03-01,ky,280927.9513888055,164.22222222222223,6.097138888888889,117.70572914583333,27.0884900990099,48.70049504950495,5.476485148514852,3.7127368064952635,26.934308897160328
"Thomaston, GA",$200K-$300K,2026-03-01,ga,245411.11111111112,118.44444444444444,4.305555555555555,103.95833333333333,15.129950495049505,6.25,24.00990099009901,3.6350844277673544,27.50967741935484
"Waycross, GA",$200K-$300K,2026-03-01,ga,253611.11111111112,123.66666666666667,4.472222222222222,93.08333333333333,20.63737623762376,18.564356435643564,22.71039603960396,3.6163522012578615,27.65217391304348
"Huntsville, TX",$200K-$300K,2026-03-01,tx,282517.5,282.1111111111111,10.13888888888889,121.79166666666667,18.688118811881186,2.599009900990099,34.777227722772274,3.5939346199291067,27.824657534246573
"Palestine, TX",$200K-$300K,2026-03-01,tx,240452.77777777778,202.66666666666666,7.277777777777778,83.47222222222223,29.795792079207924,46.72029702970298,12.871287128712872,3.5910087719298245,27.84732824427481
"Albertville, AL",$200K-$300K,2026-03-01,al,253431.91666666666,531.4444444444445,19.0,65.55555555555556,9.344059405940596,8.415841584158416,10.272277227722771,3.5751620321973654,27.970760233918128
"Brenham, TX",$200K-$300K,2026-03-01,tx,273922.06944444444,165.55555555555554,5.916666666666667,128.11111111111111,28.52722772277227,13.11881188118812,43.93564356435643,3.573825503355705,27.981220657276992
"Milledgeville, GA",$200K-$300K,2026-03-01,ga,224488.88888888888,170.88888888888889,6.0,57.02777777777778,17.07920792079208,4.826732673267327,29.33168316831683,3.5110533159947983,28.48148148148148
"Bonham, TX",$200K-$300K,2026-03-01,tx,269621.3888888889,230.77777777777777,8.0,111.83333333333333,15.872524752475249,11.076732673267326,20.668316831683168,3.466538276360135,28.84722222222222
"Dallas-Fort Worth-Arlington, TX",$200K-$300K,2026-03-01,tx,283275.7638888889,877.5555555555555,30.27777777777778,90.47222222222223,31.992574257425744,19.61633663366337,44.36881188118812,3.450240567232211,28.98348623853211
"Corsicana, TX",$200K-$300K,2026-03-01,tx,255482.63888888888,226.55555555555554,7.75,116.45833333333333,22.803217821782177,21.905940594059405,23.700495049504948,3.4207945071113293,29.232974910394265
"Austin-Round Rock-San Marcos, TX",$200K-$300K,2026-03-01,tx,278833.68055555556,279.44444444444446,9.527777777777779,110.48611111111111,10.024752475247524,5.754950495049505,14.294554455445544,3.4095427435387675,29.32944606413994
"Kinston, NC",$200K-$300K,2026-03-01,nc,201325.0,209.88888888888889,7.138888888888889,78.0,33.508663366336634,31.93069306930693,35.086633663366335,3.4012705134992065,29.40077821011673
"McAlester, OK",$200K-$300K,2026-03-01,ok,256505.55555555556,236.22222222222223,7.944444444444445,82.20833333333333,16.646039603960396,7.920792079207921,25.371287128712872,3.363123236124177,29.734265734265733
"Corbin, KY",$200K-$300K,2026-03-01,ky,208019.44444444444,210.55555555555554,7.027777777777778,144.13888888888889,36.04579207920792,50.309405940594054,21.782178217821784,3.3377308707124014,29.960474308300395
"Ardmore, OK",$200K-$300K,2026-03-01,ok,211930.55555555556,297.22222222222223,9.88888888888889,85.70833333333333,22.957920792079207,20.544554455445542,25.371287128712872,3.327102803738318,30.0561797752809
"Houston-Pasadena-The Woodlands, TX",$200K-$300K,2026-03-01,tx,284739.97222222225,763.5555555555555,25.055555555555557,147.43055555555554,12.004950495049505,0.0,24.00990099009901,3.281431897555297,30.47450110864745
"Lawrenceburg, TN",$200K-$300K,2026-03-01,tn,297597.22222222225,229.77777777777777,7.527777777777778,176.63888888888889,20.45173267326733,12.004950495049505,28.898514851485142,3.276112185686654,30.523985239852397
"Laredo, TX",$200K-$300K,2026-03-01,tx,253427.77777777778,646.4444444444445,21.083333333333332,104.91666666666667,31.868811881188115,21.967821782178216,41.76980198019802,3.2614300446888964,30.661396574440055
"Scottsboro, AL",$200K-$300K,2026-03-01,al,296694.44444444444,180.77777777777777,5.888888888888889,80.58333333333333,29.95049504950495,32.7970297029703,27.103960396039607,3.257529194837124,30.698113207547166
"Sebring, FL",$200K-$300K,2026-03-01,fl,272330.55555555556,1010.5555555555555,32.638888888888886,90.18055555555556,28.74381188118812,24.69059405940594,32.7970297029703,3.2297965915338094,30.961702127659578
"Brownsville-Harlingen, TX",$200K-$300K,2026-03-01,tx,266405.44444444444,1600.3333333333333,51.30555555555556,87.875,18.069306930693067,12.438118811881187,23.700495049504948,3.2059293202804975,31.192203573362207
"Russellville, AL",$200K-$300K,2026-03-01,al,231406.94444444444,70.22222222222223,2.1944444444444446,144.15277777777777,24.16460396039604,20.853960396039604,27.475247524752476,3.125,32.0
"Clewiston, FL",$200K-$300K,2026-03-01,fl,285094.3333333333,272.55555555555554,8.472222222222221,107.01388888888889,12.530940594059407,3.2797029702970297,21.782178217821784,3.1084386465552383,32.17049180327869
"Mountain Home, AR",$200K-$300K,2026-03-01,ar,281047.1388888889,292.77777777777777,9.027777777777779,158.75,32.7970297029703,56.49752475247525,9.096534653465346,3.0834914611005697,32.43076923076923
"Vicksburg, MS",$200K-$300K,2026-03-01,ms,237148.1157406667,134.22222222222223,4.064777777777778,126.64814811111111,34.870049504950494,56.43564356435643,13.304455445544557,3.0283940397350992,33.02080201186344
"Corpus Christi, TX",$200K-$300K,2026-03-01,tx,265095.5486111111,2719.222222222222,81.61111111111111,79.60416666666666,18.301361386138613,10.922029702970297,25.68069306930693,3.0012667020798434,33.31926480599047
"Forest City, NC",$200K-$300K,2026-03-01,nc,286722.22222222225,356.55555555555554,10.694444444444445,123.5,32.17821782178218,50.495049504950494,13.861386138613865,2.999376752882518,33.34025974025974
"Marion, NC",$200K-$300K,2026-03-01,nc,290555.55555555556,219.0,6.555555555555555,134.08333333333334,31.961633663366335,46.9059405940594,17.01732673267327,2.993404363267377,33.40677966101695
"Orangeburg, SC",$200K-$300K,2026-03-01,sc,235885.69444444444,337.55555555555554,10.027777777777779,106.01388888888889,18.62623762376238,20.23514851485149,17.01732673267327,2.970704410796577,33.66204986149584
"McPherson, KS",$200K-$300K,2026-03-01,ks,233776.041666625,54.55555555555556,1.6145,50.692708249999995,59.3440594059406,74.31930693069307,44.36881188118812,2.959368635437882,33.79099136299508
"Branson, MO",$200K-$300K,2026-03-01,mo,299943.05555555556,676.8888888888889,20.0,101.59722222222223,15.56311881188119,16.831683168316832,14.294554455445544,2.954694681549573,33.84444444444445
"Palatka, FL",$200K-$300K,2026-03-01,fl,245985.63888888888,321.6666666666667,9.5,76.73611111111111,26.14480198019802,43.99752475247525,8.292079207920793,2.9533678756476682,33.85964912280702
"McAllen-Edinburg-Mission, TX",$200K-$300K,2026-03-01,tx,249615.27777777778,3425.222222222222,97.66666666666667,93.68055555555556,15.47029702970297,1.608910891089109,29.33168316831683,2.8513965030654944,35.070534698521044
"Sulphur Springs, TX",$200K-$300K,2026-03-01,tx,240670.81944444444,188.77777777777777,5.027777777777778,95.22222222222223,32.70420792079208,31.621287128712872,33.78712871287129,2.6633313713949383,37.54696132596685
"Laurinburg, NC",$200K-$300K,2026-03-01,nc,203939.72222222222,102.44444444444444,2.6666666666666665,123.34722222222223,35.55074257425743,58.601485148514854,12.5,2.6030368763557483,38.41666666666667
"Gainesville, TX",$200K-$300K,2026-03-01,tx,285499.30555555556,271.44444444444446,7.027777777777778,140.22222222222223,27.629950495049503,21.472772277227723,33.78712871287129,2.589029881293491,38.62450592885376
"Athens, TX",$200K-$300K,2026-03-01,tx,262355.55555555556,648.2222222222222,16.47222222222222,104.83333333333333,28.310643564356436,20.42079207920792,36.20049504950495,2.5411381556393557,39.35244519392917
"Del Rio, TX",$200K-$300K,2026-03-01,tx,252795.83333333334,233.22222222222223,5.583333333333333,87.0,13.923267326732674,4.579207920792079,23.26732673267327,2.39399714149595,41.77114427860697
"Bay City, TX",$200K-$300K,2026-03-01,tx,214164.72222222222,284.3333333333333,6.722222222222222,128.41666666666666,21.132425742574256,0.495049504950495,41.76980198019802,2.3642047674873,42.29752066115702
"Bluefield, WV-VA",$200K-$300K,2026-03-01,va,226783.33333333334,124.33333333333333,2.888888888888889,80.77777777777777,51.60891089108911,67.01732673267327,36.20049504950495,2.323503127792672,43.03846153846154
"Dodge City, KS",$200K-$300K,2026-03-01,ks,252787.16666666666,114.33333333333333,2.638888888888889,108.22222222222223,4.393564356435644,2.0420792079207923,6.7450495049504955,2.308066083576288,43.32631578947368
"Vidalia, GA",$200K-$300K,2026-03-01,ga,247527.77777766666,53.77777777777778,1.111,162.19444433333334,15.84158415841584,7.797029702970297,23.886138613861384,2.065909090909091,48.40484048404841
"Lake City, FL",$200K-$300K,2026-03-01,fl,290708.3333333333,235.33333333333334,4.861111111111111,175.16666666666666,31.49752475247525,46.65841584158416,16.33663366336634,2.0656279508970727,48.41142857142858
"Picayune, MS",$200K-$300K,2026-03-01,ms,258733.33333333334,235.0,4.305555555555555,54.236111111111114,48.97896039603961,51.98019801980198,45.97772277227723,1.8321513002364065,54.58064516129033
"Eagle Pass, TX",$200K-$300K,2026-03-01,tx,278316.6666666667,206.55555555555554,3.611111111111111,160.13888888888889,2.753712871287129,0.2475247524752475,5.25990099009901,1.7482517482517483,57.199999999999996
"Lufkin, TX",$200K-$300K,2026-03-01,tx,260030.27777777778,309.22222222222223,3.25,176.77777777777777,24.659653465346533,31.86881188118812,17.450495049504948,1.0510240747394897,95.14529914529915
"Big Spring, TX",$200K-$300K,2026-03-01,tx,216390.0,163.22222222222223,1.0,1.4,21.287128712871286,10.396039603960396,32.17821782178218,0.6126616746085772,163.22222222222223
"Odessa, TX",$200K-$300K,2026-03-01,tx,300000.0,481.0,1.0,32.0,55.7240099009901,23.9480198019802,87.5,0.2079002079002079,481.0
"Midland, TX",$200K-$300K,2026-03-01,tx,278891.6666666667,766.0,1.4166666666666667,175.04166666666666,68.31683168316832,55.754950495049506,80.87871287128714,0.18494342906875547,540.7058823529411
